Name,Latitude,Longitude,Rating,Address,City
Petco,33.5889354,-117.6734601,4.2,"25592 El Paseo, Mission Viejo",Mission Viejo
PetSmart,33.6719934,-117.9533672,4.7,"20002 Brookhurst St, Huntington Beach",Huntington Beach
AAA Animal Hospital,33.8752364,-117.5615939,4.6,"425 E 6th St, Corona",Corona
Healthy Pet Hospital and Grooming,33.788944,-117.81686599999999,4.5,"3411 E Chapman Ave, Orange",Orange
Grand Pet Care Center,33.759040999999996,-117.852221,4.6,"1602 N Grand Ave, Santa Ana",Santa Ana
Pacific Park Animal Hospital,33.567919,-117.70926000000001,4.4,"27261 La Paz Rd H, Laguna Niguel",Laguna Niguel
Perris Valley Veterinary Clinic,33.8160097,-117.22868090000001,3.8,"2560 N Perris Blvd, Perris",Perris
Animal & Bird Veterinary Medical Center,33.926549,-117.557576,3.2,"3119 Hamner Ave, Norco",Norco
Pet Supplies Plus,33.728658,-118.025502,4.6,"5912 Edinger Ave, Huntington Beach",Huntington Beach
PetStore.com,33.755694399999996,-117.93923410000001,3.4,"14271 Corporate Dr, Garden Grove",Garden Grove
Kahoots Pet Store,33.6923715,-117.9924774,4.2,"18681 Main St, Huntington Beach",Huntington Beach
Kahoots Pet Store,33.9856908,-117.7138885,4.7,"4200 Chino Hills Pkwy, Chino Hills",Chino Hills
Kahoots Feed & Pet Store,33.882070399999996,-117.36868059999999,4.5,"16851 Van Buren Boulevard, Riverside",Riverside
Kahoots Feed & Pet Store,33.938066799999994,-117.5437274,4.7,"1004 Sixth St, Norco",Norco
Pets Plus,33.497631,-117.66221999999999,4.5,"32022 Camino Capistrano, San Juan Capistrano",San Juan Capistrano
Kahoots Pet Store,33.1770658,-117.3249001,4.6,"2616 El Camino Real, Carlsbad",Carlsbad
Kahoots Feed & Pet Store,33.5542378,-117.2074987,4.7,"41711 Ivy St, Murrieta",Murrieta
Pier K9 Pet Shop,33.188113,-117.37378500000001,4.8,"403 Wisconsin Ave ste c, Oceanside",Oceanside
Zoom Room Dog Training,33.685642,-117.9904309,4.6,"19069 Beach Blvd, Huntington Beach",Huntington Beach
Paw In Order,33.8021939,-117.85900249999999,4.9,"618 W Collins Ave, Orange",Orange
PetSmart,33.829203,-118.144255,4.6,"3871 N Lakewood Blvd, Long Beach",Long Beach
Catherine's Pet Services,33.637011799999996,-117.85943859999999,0.0,"9413 Residencia, Newport Beach",Newport Beach
Coast Pet Supplies & Grooming,33.547315600000005,-117.7964092,5.0,"880 N Coast Hwy, Laguna Beach",Laguna Beach
Peek-A-Dog Pet Grooming Adoptions,33.95919129999999,-118.21134109999998,4.4,"8452 State St, South Gate",South Gate
Mike's Pet Store and pet grooming,33.974553,-118.2532615,3.7,"1224 Florence St, Los Angeles",Los Angeles
Kriser's Natural Pet,33.671726899999996,-117.78947959999998,4.4,"Alton Square, 5365 Alton Pkwy, Irvine",Irvine
Pets & Grooming,33.9532045,-118.130807,4.5,"7952 Florence Ave, Downey",Downey
PETIAN,33.87063,-117.93909599999999,4.8,"749 W Commonwealth Ave, Fullerton",Fullerton
Pet Shop & Grooming,33.864067799999994,-117.5424961,0.0,Corona,Corona
Horizon Pet Supply,33.5967193,-117.2470338,4.4,"36068 Hidden Springs Rd, Wildomar",Wildomar
Pussy & Pooch Pethouse and Pawbar,33.761255,-118.13766650000001,4.2,"4818 E 2nd St, Long Beach",Long Beach
Local Pet Market,33.687393,-117.988492,4.9,"18900 Beach Blvd #109, Huntington Beach",Huntington Beach
Just Food For Dogs,33.635517,-117.9233335,4.7,"103 E 17th St, Costa Mesa",Costa Mesa
Kriser's Natural Pet,33.628409999999995,-117.90631699999999,4.4,"1044 Irvine Ave, Newport Beach",Newport Beach
AGE OF AQUARIUMS,33.8051375,-118.1672737,4.5,"2642 Cherry Ave, Signal Hill",Signal Hill
Pet Supply,33.651309999999995,-117.95498329999998,4.8,"21425 Brookhurst St, Huntington Beach",Huntington Beach
Pet Pantry,33.8082084,-118.168066,4.7,"2801 Cherry Ave, Signal Hill",Signal Hill
Katie’s PET DEPOT®,34.115389,-117.766999,4.5,"1941 Foothill Blvd a, La Verne",La Verne
Ask Ariel Your Pet Nutritionist,33.6590775,-117.69916940000002,4.9,"1 S Pointe Dr, Lake Forest",Lake Forest
Animal Lovers Pet Shop,33.8058724,-118.3582023,4.5,"24028 Vista Montana, Torrance",Torrance
Dog Lovers,33.990741899999996,-118.33054990000001,3.8,"5700 Crenshaw Blvd, Los Angeles",Los Angeles
The Urban Pet,34.0763114,-118.3538996,4.7,"7515 Beverly Blvd, Los Angeles",Los Angeles
Pinnacle Pet Services,34.1170015,-118.1506226,0.0,"721 Fair Oaks Ave, South Pasadena",South Pasadena
Vetco,34.0525678,-118.38426899999999,3.0,"1475 S Robertson Blvd, Los Angeles",Los Angeles
"Pets R Us, Pet Grooming & Supplies",34.1604446,-118.2743521,3.5,"838 W Glenoaks Blvd, Glendale",Glendale
S F Pet Shop & Grooming,34.079626,-118.09280600000001,0.0,"600 E Valley Blvd, San Gabriel",San Gabriel
Armando's Pets & Grooming,34.1400274,-117.9582202,4.5,"2155 E Huntington Dr, Duarte",Duarte
MY MASTER'S BEST FRIEND-Pet Food&Supply Delivery-Downey Long Beach Santa Monica Los Angeles Near Me,33.952306,-118.34468799999999,4.5,"4118, 903 S Prairie Ave ste 903, Inglewood",Inglewood
PJ's Pet Cafe,33.775092,-118.1520865,4.0,"3412 E 7th St Suite A, Long Beach",Long Beach
Just Food For Dogs,33.890210700000004,-118.3963081,4.7,"1605 N Sepulveda Blvd, Manhattan Beach",Manhattan Beach
Pet Mart,33.863511700000004,-118.3888634,4.4,"1054 Aviation Blvd, Hermosa Beach",Hermosa Beach
Kriser's Natural Pet,33.866307,-118.39383490000002,4.6,"1559 Pacific Coast Hwy, Hermosa Beach",Hermosa Beach
Button Nose Pet Shop,34.202830799999994,-118.19725859999998,4.9,"838 Foothill Blvd, La Cañada Flintridge",La Cañada Flintridge
Pet Foods Market & Supplies,33.891918,-118.395513,4.6,"1816 N Sepulveda Blvd, Manhattan Beach",Manhattan Beach
Katie's PET DEPOT,34.041550799999996,-118.4708828,4.3,"12423 Wilshire Blvd, Los Angeles",Los Angeles
Bark Williams,34.0201137,-118.45461409999999,4.7,"2901 Ocean Park Blvd #118, Santa Monica",Santa Monica
Puppy Store,33.7758987,-117.870425,3.5,"2800 N Main St #632, Santa Ana",Santa Ana
Dirty Dogs Carlsbad,33.127856,-117.26821000000001,4.6,"#105, 2521 Palomar Airport Rd, Carlsbad",Carlsbad
Kriser's Natural Pet,33.554533,-117.713247,4.3,"23894 Aliso Creek Rd, Laguna Niguel",Laguna Niguel
Ramirez Pet Shop,33.9603049,-118.2419307,3.4,"1741 Firestone Blvd, Los Angeles",Los Angeles
34 Pet Shop,33.9888532,-118.332323,4.1,"3434 W Slauson Ave, Los Angeles",Los Angeles
Birdman Pet Shop,34.0885909,-118.21466869999999,3.9,"3520 N Figueroa St, Los Angeles",Los Angeles
Pet Supplies Plus,29.881918699999996,-95.6848432,4.8,"7041 Barker Cypress Rd, Cypress",Cypress
Pet Supermarket,29.990903000000003,-95.737716,4.4,"15050 Fairfield Village Dr, Cypress",Cypress
Pet Supermarket,30.0058071,-95.6363186,4.6,"14044 Grant Rd #200, Cypress",Cypress
PetSmart,29.660496999999996,-95.7107271,4.3,"10181 West Grand Parkway South, Richmond",Richmond
Happy Pets Vets,29.88044859999999,-95.6886322,2.4,"1142, 18310 Farm to Market Rd 529, Cypress",Cypress
Carlsbad Pet and Feed,33.1020745,-117.3118094,4.5,"7040 Avenida Encinas Ste 108B, Carlsbad",Carlsbad
The Pet Stop,34.10734179999999,-117.60611770000001,3.9,"9124 E Foothill Blvd, Rancho Cucamonga",Rancho Cucamonga
Andy's Pet Grooming & Supplies,34.142812,-118.249771,4.4,"503 E Colorado St, Glendale",Glendale
Kahoots Pet Store,33.4797386,-117.1020965,4.7,"31845 Temecula Pkwy, Temecula",Temecula
Mr. Bulldog,33.997735999999996,-118.0770156,3.7,"9432 Whittier Blvd, Pico Rivera",Pico Rivera
Super Pets,33.789109499999995,-117.8345701,4.5,"1807 E Chapman Ave, Orange",Orange
Naked Dog Bistro,33.5450721,-117.78158470000001,4.3,"424 Forest Ave, Laguna Beach",Laguna Beach
Pet Supplies Plus,41.9060251,-87.982692,4.5,"198 North Ave, Villa Park",Villa Park
"Best Pets, Ltd.",42.4773034,-88.09562820000001,4.2,"939 Main St, Antioch",Antioch
Petbarn Orange,-33.2792906,149.10495500000002,4.3,"268 Peisley St, Orange",Orange
Seaside Tropical Fish,33.65513740000001,-117.98711259999999,4.5,"21162 Beach Blvd, Huntington Beach",Huntington Beach
Pottsee's Exotics,33.8749826,-118.1219858,4.6,"9929 Artesia Blvd, Bellflower",Bellflower
Kahoots Pet Store,32.993761600000006,-117.2576737,4.8,"677 San Rodolfo Dr, Solana Beach",Solana Beach
Kahoots Pet Store,33.0198249,-117.07281329999999,4.8,"11965 Bernardo Plaza Dr, San Diego",San Diego
Kahoots Pet Store,33.1438483,-117.094269,4.5,"322 W El Norte Pkwy, Escondido",Escondido
Muttropolis Solana Beach,32.989915,-117.27038290000002,4.4,"227 S Cedros Ave, Solana Beach",Solana Beach
Puppy House & Grooming,33.915328499999994,-118.0303271,4.0,"12801 Valley View Ave, La Mirada",La Mirada
ACUAMUNDO,13.981060699999999,-89.5644307,5.0,"10ª Avenida Sur entre 29 y 31 calle Poniente # 80, Santa Ana, 10a Avenida Sur 80, Santa Ana",Santa Ana
Happy Pets,13.979857,-89.56039,4.8,Santa Ana,Santa Ana
Villaggio Family Pets,33.5228266,-117.1508824,3.2,"41493 Margarita Rd G-103, Temecula",Temecula
Global Aquatics & Pet Supplies,34.0482547,-117.60691340000001,4.3,"1420 S Carlos Ave, Ontario",Ontario
Pets at Home,51.465516,-0.289794,4.0,"86 Manor Rd, Richmond",Richmond
Barstow Humane Society,34.8816274,-116.97802150000001,3.5,"2480 E Main St, Barstow",Barstow
Glendora Village Pet Shop,34.138178,-117.865747,4.1,"173 Glendora Ave, Glendora",Glendora
Wow Fish and Pet,34.508356,-117.34597600000001,3.9,"14560 Palmdale Rd, Victorville",Victorville
Fish Locker,34.255845799999996,-116.88355390000001,4.8,"42183 Big Bear Blvd, Big Bear Lake",Big Bear Lake
Home & Pet Care Services,34.4263886,-117.3008784,0.0,Hesperia,Hesperia
Tags Veterinary Clinic: Donahue John DVM,34.42266800000001,-118.53927900000001,4.9,"2635, 23007 Soledad Canyon Rd, Santa Clarita",Santa Clarita
Cameo's Pet Salon & Doggie Day,34.2751875,-119.26292649999999,4.8,"2494 E Main St, Ventura",Ventura
Petco Grooming,34.2834085,-118.7182294,0.0,"2643 Tapo Canyon Rd C, Simi Valley",Simi Valley
Birds & More,33.87528990000001,-118.35075810000001,4.8,"4301 Redondo Beach Blvd, Lawndale",Lawndale
Aquatic Fantasy,33.8507887,-118.38978370000001,4.4,"541 N Pacific Coast Hwy C, Redondo Beach",Redondo Beach
South Bay Aquarium,33.887103700000004,-118.31420870000001,4.4,"2021 W Redondo Beach Blvd A, Gardena",Gardena
PETNJOY - GARDENA,33.88991970000001,-118.30009790000001,4.2,"15515 Normandie Ave, Gardena",Gardena
Just Food For Dogs,34.0499073,-118.2477291,4.8,"333 S Spring St, Los Angeles",Los Angeles
Lotus Aquarium,33.898005,-118.35219099999999,4.8,"14704 Hawthorne Blvd, Lawndale",Lawndale
Pet Food Express,38.102565500000004,-122.5718554,4.4,"912 Diablo Ave, Novato",Novato
Bow Wow Meow,37.504792200000004,-122.25893290000002,4.5,"737 Laurel St, San Carlos",San Carlos
Woodlands Pet Food & Treats,37.8986466,-122.51468759999999,4.6,"701 Strawberry Village, Mill Valley",Mill Valley
Woodlands Pet Food & Treats,37.972189,-122.526299,4.6,"902 3rd St, San Rafael",San Rafael
Woodlands Pet Food & Treats,38.067478799999996,-122.54321770000001,5.0,"474 Ignacio Blvd, Novato",Novato
Pet Supplies Plus,37.6978111,-121.7414261,4.4,"4500 Arroyo Vista, Livermore",Livermore
Pet Supplies Plus,37.6985922,-121.87719479999998,5.0,"4230 Rosewood Dr suite b, Pleasanton",Pleasanton
Village Pets & Supplies,37.7905545,-122.417207,4.8,"1036 Hyde St, San Francisco",San Francisco
Pet Club South San Francisco,37.656100200000004,-122.4334347,4.3,"1 Chestnut Ave, South San Francisco",South San Francisco
Paws & Claws: A Natural Pet Food Store & Grooming Spa,37.8001765,-122.21723349999999,4.6,"3436 Dimond Ave, Oakland",Oakland
Louis Birds Pets & Supplies,37.32038,-121.87657800000001,3.9,"5803, 80 Keyes St, San Jose",San Jose
Pet Food Express,37.823384000000004,-122.20773700000001,4.6,"2220 Mountain Blvd, Oakland",Oakland
Bow Wow Meow SF,37.796649,-122.42163219999999,4.2,"2150 Polk St, San Francisco",San Francisco
Bow Wow Meow,37.4524665,-122.1842621,4.5,"654 Santa Cruz Ave, Menlo Park",Menlo Park
Pet Club Hayward,37.630028,-122.09743700000001,4.3,"27451 Hesperian Blvd, Hayward",Hayward
Pet Food Express,37.989149499999996,-122.309817,4.6,"1430 Fitzgerald Dr, Pinole",Pinole
Pet Food Express,37.82461370000001,-122.25460079999999,4.7,"3868 Piedmont Ave, Oakland",Oakland
Pet Food Express,37.850050200000005,-122.2601361,4.6,"6398 Telegraph Ave, Oakland",Oakland
Pet Food Express,37.834986900000004,-122.24928259999999,4.6,"5108 Broadway, Oakland",Oakland
Biscuits - Give A Dog A Bone,37.3494323,-121.8939106,4.6,"3202, 223 Jackson St, San Jose",San Jose
Pet Club Emeryville,37.828209,-122.28531000000001,4.4,"3535 Hollis St, Oakland",Oakland
PetSmart,37.7045885,-121.8537553,4.0,"2860 Dublin Blvd, Dublin",Dublin
PetSmart,37.9253633,-122.01667069999999,4.5,"2891 Ygnacio Valley Rd, Walnut Creek",Walnut Creek
Clip N Clean Pet Grooming & Supplies,37.970735299999994,-122.0126437,4.9,"3498 Clayton Rd, Concord",Concord
Cage Free Grooming Pet Stylist Heather Tuthill,37.8270561,-122.2522502,0.0,"4125 Piedmont Ave, Oakland",Oakland
Jeffrey's Natural Pet Foods North Beach,37.8017021,-122.4113631,4.8,"1841 Powell St, San Francisco",San Francisco
Pawtrero Bathhouse & Feed Co,37.78385,-122.3893422,4.9,"199 Brannan St, San Francisco",San Francisco
Pet Central,37.797585999999995,-122.41055700000001,3.5,"1411 Powell St, San Francisco",San Francisco
Pet Food Express,37.7692196,-122.42632009999998,4.6,"1975 Market St, San Francisco",San Francisco
Pet Club San Mateo,37.5546412,-122.2939595,4.3,"1850 S Norfolk St, San Mateo",San Mateo
Jeffrey's Natural Pet Foods Duboce Park,37.764564799999995,-122.4333369,4.4,"284 Noe St, San Francisco",San Francisco
Rivertown Feed & Pet Country Store,38.233616999999995,-122.635907,4.7,"200 1st St, Petaluma",Petaluma
PetSmart,38.2617295,-122.05839509999998,4.1,"1580 Gateway Blvd, Fairfield",Fairfield
Alameda See Spot Run,37.7639039,-122.239795,4.6,"2510 Santa Clara Ave, Alameda",Alameda
Pet Supplies Plus,38.115338,-121.270353,4.3,"1411 S Stockton St, Lodi",Lodi
Pets Plus,38.54826389999999,-121.3925649,0.0,"3317 Julliard Dr, Sacramento",Sacramento
Royalty Pet Store,37.9778744,-121.25993729999999,4.0,"2620 Waterloo Rd #3, Stockton",Stockton
Pet Supplies Plus,38.0204335,-121.3258479,4.4,"1140 W Hammer Ln, Stockton",Stockton
Pet Club | Elk Grove,38.425865,-121.38771399999999,4.4,"8515 Bond Rd, Elk Grove",Elk Grove
Pet Club | Rancho Cordova,38.61672670000001,-121.27077759999999,4.6,"2344 Sunrise Blvd, Rancho Cordova",Rancho Cordova
Incredible Pets,38.7462042,-121.2753182,4.6,"1105 Roseville Square, Roseville",Roseville
Carter's Pet Mart,37.9917021,-121.31657009999999,4.5,"909 W March Ln, Stockton",Stockton
Western Feed & Pet Supply Inc,38.6256916,-121.26444520000001,4.8,"2137 Golden Centre Ln, Rancho Cordova",Rancho Cordova
Solid Gold Dog Foods,37.999971,-120.320217,5.0,"14801 Lakeside Dr, Sonora",Sonora
PetSmart,38.74106099999999,-121.22845190000001,4.3,"8670 Sierra College Blvd, Roseville",Roseville
Animal Nutrition & Grooming Center,38.72998,-121.256422,4.4,"5533, 1805 Cirby Way # 10, Roseville",Roseville
Rocklin Family Pets & Wash,38.8145429,-121.25660090000001,0.0,"3211 Stanford Ranch Rd, Rocklin",Rocklin
Pet Food Express,38.24951679999999,-122.6222973,4.8,"383 S McDowell Blvd, Petaluma",Petaluma
Pet Food Express,38.007888,-122.547528,4.5,"280 Northgate Dr, San Rafael",San Rafael
Pet Food Express,37.9474971,-122.05985159999999,4.6,"2158 Contra Costa Blvd, Pleasant Hill",Pleasant Hill
Pet Club Fairfield,38.2130745,-122.1448345,4.5,"5125 Business Center Dr, Fairfield",Fairfield
Pet Club,38.4198589,-122.7150415,4.3,"1935 Santa Rosa Ave, Santa Rosa",Santa Rosa
Green Pawz,37.7677984,-122.4530547,4.3,"772 Stanyan St, San Francisco",San Francisco
Pawsarotti's,38.4553259,-122.67910829999998,4.9,"4040 Sonoma Hwy, Santa Rosa",Santa Rosa
Aquarium and Pets,40.166850200000006,-122.2286108,4.6,"345 S Main St, Red Bluff",Red Bluff
Happy Tails Barkery & Pet Supplies,40.567316999999996,-122.3704215,4.7,"202 Hartnell Ave, Redding",Redding
Redding Reptiles,40.620952,-122.400329,4.8,"991 Lake Blvd C, Redding",Redding
Aquariums Plus,40.5714925,-122.3402788,4.4,"1666 E Cypress Ave #16, Redding",Redding
Pet Buddies,40.681799,-122.27739140000001,0.0,"13540 Twin Lakes Ln, Redding",Redding
Mincer Apiaries,40.546615,-122.31033899999998,0.0,"20116 Freeman Way, Redding",Redding
The Deep,40.56466029999999,-122.3544673,4.5,"2956 Churn Creek Rd, Redding",Redding
McCloud's Pets,37.9747792,-120.3407253,3.7,"13769 Mono Way Suite A, Sonora",Sonora
Sonora Pet Waste Removal,38.017733,-120.26726799999999,5.0,"21833 Feather River Dr, Sonora",Sonora
DharmaDog,37.9837333,-120.3820443,0.0,"129 S Washington St, Sonora",Sonora
Foxy Roxy's Mobile Pet Salon,37.6584285,-120.9951784,0.0,Modesto,Modesto
Regalia Tibetan Terriers,38.349343100000006,-120.77074840000002,3.8,"105 Center St, Jackson",Jackson
Tropical Haven,37.6702616,-121.0326577,4.0,"1707 Prescott Rd, Modesto",Modesto
Pet Supplies Plus,37.9691573,-121.3153574,4.4,"1416 Country Club Blvd, Stockton",Stockton
Fin-N-Feather,40.781422799999994,-124.16343159999998,4.6,"2931 F St, Eureka",Eureka
Fortuna Pet Shoppe,40.5788147,-124.145909,5.0,"1095 S Fortuna Blvd C, Fortuna",Fortuna
B & B Doggy Daycare,40.787615,-124.132002,0.0,"3120 Trinity St, Eureka",Eureka
Veterinary Medical Center and Specialty Pet Supply,35.4728888,-120.66821570000002,4.7,"8165 Morro Rd, Atascadero",Atascadero
Atascadero Pet Hospital & Emergency Center,35.466511,-120.64863700000001,3.7,"9575 El Camino Real, Atascadero",Atascadero
The Animal Kingdom Pet Shop,34.9511241,-120.43351229999999,3.9,"146 Town Center E, Santa Maria",Santa Maria
Pet Boutique,35.2792606,-120.6637013,5.0,"745 Higuera St, San Luis Obispo",San Luis Obispo
That's FETCH!,34.8952641,-120.4377603,4.5,"3564 Skyway Dr Suite B, Santa Maria",Santa Maria
PetDoors.com,35.2484001,-120.6686624,5.0,"202 Tank Farm Road Suite F1, San Luis Obispo",San Luis Obispo
Tradewinds International,35.45714,-120.728458,0.0,"14310 San Miguel Rd, Atascadero",Atascadero
Mutt Hut,34.896432,-120.43568090000001,4.0,"3484 Orcutt Rd, Santa Maria",Santa Maria
Austin's Wet Pets and Lily Pad,35.120585600000005,-120.59840459999998,4.6,"1164 E Grand Ave, Arroyo Grande",Arroyo Grande
PetSmart,35.41088,-119.112541,4.3,"5601 Calloway Dr Suite 100, Bakersfield",Bakersfield
Canine Creek,35.12454520000001,-118.46725790000002,4.7,"798 Tucker Rd #5, Tehachapi",Tehachapi
Biscuit Boutique Doggy Spa Llc,35.375968900000004,-119.02056470000001,4.0,"1617 19th St, Bakersfield",Bakersfield
Self Serve Pet Spa,35.385774700000006,-119.10905079999999,4.9,"2816 Calloway Dr #103, Bakersfield",Bakersfield
Self Serve Pet Spa,35.3175411,-119.08444070000002,4.8,"7401 White Ln #2, Bakersfield",Bakersfield
Roundup,35.3829337,-119.06661740000001,4.4,"5805 Rosedale Hwy, Bakersfield",Bakersfield
Perez Pet Shop 5,35.3535186,-118.93264450000001,4.7,"6433 E Brundage Ln # 4, Bakersfield",Bakersfield
Cervantes the Feed Store,35.500539,-119.27865200000001,4.8,"135 N, 1920, Shafter Ave, Shafter",Shafter
Bakersfield Aquatic Pets,35.4240189,-119.02066709999998,4.7,"1920 N Chester Ave, Bakersfield",Bakersfield
Primp Your Pet,35.08781099999999,-118.628447,3.5,"27951 Rustler Ave, Tehachapi",Tehachapi
Sharon's Birds,35.4198878,-119.0265074,4.4,"1502 Haldon St, Bakersfield",Bakersfield
See De Nu Ones,35.320285399999996,-119.05883429999999,3.0,"3713 Pacino Ct, Bakersfield",Bakersfield
Marquez Pets,35.3401948,-119.00283629999998,3.6,"1332 S Union Ave, Bakersfield",Bakersfield
For the Birds & More,35.4125723,-119.05064509999998,4.5,"1450 Olive Dr, Bakersfield",Bakersfield
POWER HOUSE BORDER COLLIES,34.797578,-118.456732,2.3,"18333 W Ave B-8, Lancaster",Lancaster
NV Pet & NV Sales,35.31505,-119.085852,5.0,"4308 Resnik Ct, Bakersfield",Bakersfield
Country Oaks Mini Aussies,35.120267600000005,-118.4314247,0.0,"905 Aleah Lane, Tehachapi",Tehachapi
Going Mutts Pet Grooming,35.3174968,-119.07340549999999,4.5,"6401 White Ln, Bakersfield",Bakersfield
Camp K-9 & Friends,35.389965999999994,-119.045505,4.9,"3430 Gilmore Avenue Located in back, pull into the gates next to red poles at 3500, Gilmore Ave, Bakersfield",Bakersfield
Santa Cruz Animal Health,35.660992,-120.62931100000002,4.3,"3600 Dry Creek Rd, Paso Robles",Paso Robles
The Pet Department,35.6208437,-120.6902183,4.1,"705 6th St, Paso Robles",Paso Robles
Chateau Bow Wow,35.5986862,-120.65712169999999,0.0,"242 Silver Oak Dr, Paso Robles",Paso Robles
Clawz N Pawz Pet Sitting,35.666734000000005,-120.508527,0.0,"430 Whitley Gardens Dr, Paso Robles",Paso Robles
Cat Nip & House Sit,35.575933899999995,-120.702009,1.0,"64 Via San Carlos, Paso Robles",Paso Robles
Pet Supplies Plus,37.518625,-120.879719,4.3,"2840 Countryside Dr, Turlock",Turlock
Pet Avenue,37.5154165,-120.85041640000001,3.3,"2445 Geer Rd, Turlock",Turlock
Mrs & Mr Garret Pet Shop,37.3021632,-120.48296770000002,0.0,Merced,Merced
Armstrong's Pet World,37.3369876,-120.5755098,4.6,"4910 Clover Ave, Atwater",Atwater
Armstrong's Pet World,37.3129666,-120.47046809999999,4.5,"2941 G St, Merced",Merced
"P.S. M'Lynn, A Pet Salon",37.302252200000005,-120.48302949999999,4.9,"1745 Canal St, Merced",Merced
Debbie's Pet Grooming,37.7396884,-121.1279662,3.9,"433 W Main St, Ripon",Ripon
4 Paws Pet Sitting Services,37.589457,-120.981715,0.0,"3096 Cedar Springs Ct, Ceres",Ceres
California Favorite's,37.60725,-121.082375,4.0,"8252, 4830 Paradise Rd, Modesto",Modesto
Bark'n Biscuit Salon,37.3156203,-120.4704277,4.4,"41 W Alexander Ave, Merced",Merced
Critter Creek Veterinary Hospital,38.8853541,-121.2917149,4.5,"140 Gateway Dr, Lincoln",Lincoln
Pet Supplies Plus,38.537879700000005,-121.4919715,4.5,"2018 Sutterville Rd #112, Sacramento",Sacramento
PetSmart,38.93868,-121.097798,4.3,"11805 Willow Creek Dr, Auburn",Auburn
Incredible Pets,38.5602375,-121.4443715,4.6,"5030 Folsom Blvd, Sacramento",Sacramento
Incredible Pets,39.232803600000004,-121.0352645,4.5,"649 Sutton Way, Grass Valley",Grass Valley
Incredible Pets,38.5076557,-121.5420945,4.7,"392 Florin Rd, Sacramento",Sacramento
The Canine Coach,39.278682200000006,-120.9541361,0.0,"20065 Scotts Flat Rd, Nevada City",Nevada City
Vip Pets,39.139777,-121.58936499999999,4.2,"420 D St, Marysville",Marysville
Dogwidgets Dog Crate Kennel Cage,38.62915770000001,-121.52706459999999,0.0,"2971 Muttonbird Way, Sacramento",Sacramento
WAGGER'S,38.647315899999995,-121.5096867,4.5,"2311, 2051 Arena Blvd # 130, Sacramento",Sacramento
Posh Puppy Boutique,38.795286600000004,-121.26726629999999,4.2,"4414, 6040 Stanford Ranch Rd #100, Rocklin",Rocklin
"TOP DOG *Barkery, *Bath & *Boutique",33.655813,-117.9988922,3.9,"21010 Pacific Coast Hwy, Ste A-160, Huntington Beach",Huntington Beach
Country Critters Pet Care,36.28426700000001,-119.70141699999999,3.0,"13620 Iona Ave, Hanford",Hanford
ROBINHOODS,35.657457,-120.66289099999999,0.0,"1720 Circle B Rd, Paso Robles",Paso Robles
Premier Ag Inc,35.6257105,-120.6857136,4.6,"1041 Paso Robles St, Paso Robles",Paso Robles
Delano Pets & Supplies,35.7687765,-119.24610729999999,0.0,"822 10th Ave, Delano",Delano
Shaw's Western Shop,35.1574143,-119.45658590000002,4.5,"419 Harrison St, Taft",Taft
Central Valley Labradoodles,35.529567799999995,-119.2774669,0.0,"17096 Shafter Ave, Shafter",Shafter
VCA Rancho Mirage Animal Hospital,33.8014742,-116.3896453,0.0,"72877 Dinah Shore Dr, Rancho Mirage",Rancho Mirage
PetSmart,34.0602297,-117.1886754,4.4,"500 W Stuart Ave unit c-1, Redlands",Redlands
Pet Empire & Supplies,34.12217100000001,-117.17288500000001,5.0,"7223 Church St Suite A3, Highland",Highland
Rachael's PET DEPOT,33.5133547,-117.10334809999999,5.0,"31795 Rancho California Rd Suite B400, Temecula",Temecula
Doggie's Day Out of Palm Springs,33.8114004,-116.49686559999999,4.0,"752 Vella Rd, Palm Springs",Palm Springs
Hello Puppies,33.5247403,-117.1614318,4.0,"41125 Winchester Rd B6, Temecula",Temecula
Creative Dog Grooming,33.7218352,-116.38661709999998,5.0,"73280 CA-111 #103, Palm Desert",Palm Desert
Uptown Pets,34.0336814,-117.04018300000001,4.5,"35039 Yucaipa Blvd, Yucaipa",Yucaipa
Ritzi Rover Pet Grooming,33.7201505,-116.38664070000002,4.3,"73260 El Paseo # 2E, Palm Desert",Palm Desert
Daryl's Pet Shop,34.056295299999995,-117.18000149999999,4.4,"208 E State St, Redlands",Redlands
EarthWise Pet Supply,33.756699499999996,-116.39241899999999,5.0,"40101 Monterey Ave, Suite G7, Rancho Mirage",Rancho Mirage
Aquarium Odyssey,33.7215847,-116.3747781,4.7,"73950 CA-111, Palm Desert",Palm Desert
Seven Seas Fish And Corals,34.5186566,-117.3096675,4.1,"14761 7th St e, Victorville",Victorville
Kritters Pet Store,33.7468601,-116.95637250000001,4.6,"1515 E Florida Ave, Hemet",Hemet
Thinschmidt's German Shepherds,33.7740049,-117.46507240000001,4.8,"11111 Spanish Hills Dr, Corona",Corona
Andy's Pet Shop,37.335382,-121.89581100000001,4.6,"51 Notre Dame Ave, San Jose",San Jose
Pet Food Express,37.7302121,-122.47568909999998,4.5,"3160 20th Ave, San Francisco",San Francisco
Mike's Feed & Pet,37.729834100000005,-122.1594906,4.6,"710 E 14th St, San Leandro",San Leandro
Pet's Delight,37.37888710000001,-122.11819399999999,4.9,"390 State St, Los Altos",Los Altos
Rodie's Feed & Pet Supply,37.922023100000004,-121.901526,4.9,"8863 Marsh Creek Rd, Clayton",Clayton
Pet Food Express,37.419071200000005,-122.1104239,4.7,"3910 Middlefield Rd, Palo Alto",Palo Alto
Pet Food Express,37.45574860000001,-122.22861699999999,4.6,"372 Woodside Rd, Redwood City",Redwood City
Gussied Up Dog Boutique,37.3049005,-121.8981157,4.7,"1310 Lincoln Ave, San Jose",San Jose
Pet Food Express,37.787494,-122.44625,4.5,"3150 California St, San Francisco",San Francisco
Holistic Hound,37.8799056,-122.2684561,4.8,"1510 Walnut St # A, Berkeley",Berkeley
Bernal Beast,37.739153,-122.41638200000001,4.6,"509 Cortland Ave, San Francisco",San Francisco
All Pet Feed & Tack,34.121709,-117.245922,4.7,"25598 E Baseline St, San Bernardino",San Bernardino
J&K Aquatics and Pet Center,33.9290857,-116.9755436,4.6,"507 E 6th St, Beaumont",Beaumont
Pet Scene,34.0303106,-117.11125630000001,4.6,"31776 Yucaipa Blvd #9, Yucaipa",Yucaipa
Pet Salon,34.1065201,-117.353806,4.6,"855 E Foothill Blvd, Rialto",Rialto
Trailblazer Pet Supply,39.7378605,-121.83419009999999,4.8,"752 Mangrove Ave, Chico",Chico
VIP Pets,39.14262600000001,-121.64700500000001,4.0,"1707 Colusa Hwy, Yuba City",Yuba City
Go Doggy Pet Store,39.740458399999994,-121.86446310000001,4.9,"932 W 8th Ave, Chico",Chico
Gaiser Pets,39.137899,-121.616775,4.6,"714 Plumas St, Yuba City",Yuba City
Chico Reptiles,39.75796679999999,-121.84268780000001,0.0,"956 Marjorie Ave, Chico",Chico
Olive City Pets -N-stuff,39.8344267,-122.19732509999999,0.0,"1251 S 99 W Hwy, Corning",Corning
Mullins Korner / Bow Wows & Meows,39.728851899999995,-121.8397591,0.0,"325 Broadway, Inside Attic Treasures Chico, Chico",Chico
Fish Etc,39.7522269,-121.7824136,0.0,"1210 Yosemite Dr, Chico",Chico
Puppies of Pamelot,39.698239,-121.827352,3.8,"2990 Hegan Ln, Chico",Chico
The Silver Hound,39.1326064,-121.6224453,0.0,"758 Bridge St, Yuba City",Yuba City
Farmer shopy Best Pet Food,39.1312467,-121.6302763,0.0,"614 Gray Ave, Yuba City",Yuba City
Cheval Farm Feed & Tack,32.87670730000001,-115.5653298,5.0,"346 Larsen Rd, Imperial",Imperial
Desert Showpigs,32.782769699999996,-115.6413466,0.0,"1246 W Ross Rd, El Centro",El Centro
Montecito Pet Shop,34.4026243,-119.7239197,4.1,"2020 Cliff Dr, Santa Barbara",Santa Barbara
Sensational Pets,34.4398188,-119.7377604,4.9,"3433 State St, Santa Barbara",Santa Barbara
Pet House,34.440699,-119.82530700000001,4.6,"5781 Calle Real, Goleta",Goleta
PoopPac,34.4254489,-119.6689973,5.0,"222 Lou Dillon Ct, Santa Barbara",Santa Barbara
Aquatic Designs of Santa Barbara,34.435478,-119.8275575,4.5,"230 Magnolia Ave, Goleta",Goleta
Hardnox LLC,34.4305055,-119.7095274,0.0,"1721 Santa Barbara St, Santa Barbara",Santa Barbara
Dioji K-9 Resort & Athletic Club,34.422957399999994,-119.68181580000001,4.8,"822 E Yanonali St, Santa Barbara",Santa Barbara
All Pet Center,34.0415027,-118.14149309999999,4.6,"1950 S Atlantic Blvd, Monterey Park",Monterey Park
JTK Reptiles,33.7895539,-118.1811966,4.4,"916 E Pacific Coast Hwy, Long Beach",Long Beach
Reptile Factory,33.87481,-118.17929299999999,4.9,"1095 E Artesia Blvd, Long Beach",Long Beach
Tom's Tropical Fish,33.845572,-118.19385020000001,4.3,"4925 Long Beach Boulevard, Long Beach",Long Beach
Rosita's Pet Store #2,34.68185,-118.134525,4.4,"43953 Sierra Highway, Unit B&C, Lancaster",Lancaster
D's Pet City,34.6884931,-118.113228,5.0,"44333 Challenger Way, Lancaster",Lancaster
Twisted Desert Feed & Grain,34.7041968,-118.1319205,0.0,"207 W Ave I, Lancaster",Lancaster
Three Little Fish,34.6891811,-118.13839840000001,3.6,"602 W Avenue J, Lancaster",Lancaster
Hemme Hay & Feed Inc,34.677448299999995,-118.1342258,4.8,"43719 Sierra Hwy, Lancaster",Lancaster
Tails2Scales Pet Shop,34.6746561,-118.16482140000002,4.0,"1832 W Ave K #5, Lancaster",Lancaster
Tailwaggers Pet Grooming,34.6797856,-118.1573098,4.1,"43761 15th St W, Lancaster",Lancaster
The Fancy Puppy,33.8982976,-117.55641370000001,4.0,"530 Hidden Valley Pkwy #102, Corona",Corona
Chauffeured Pets,34.105775,-117.5035569,0.0,"13819 E Foothill Blvd, Fontana",Fontana
Protein for Pets,34.1195703,-117.5580169,4.8,"7385 Milliken Ave #120, Rancho Cucamonga",Rancho Cucamonga
The Paw Spa,33.878067,-117.566837,4.4,"320 S Main St, Corona",Corona
Pet World,34.0652006,-117.2666733,4.2,"891 Harriman Pl, San Bernardino",San Bernardino
Animal Hospital of Cloverdale,38.796078,-123.01969199999999,4.9,"20 Industrial Dr, Cloverdale",Cloverdale
Village Pets & Supplies,38.45481100000001,-122.77036899999999,4.4,"7618, 1425 Fulton Rd #331, Santa Rosa",Santa Rosa
Puny Paws Pet Products,38.36179260000001,-122.69340079999999,4.5,"927 Golf Course Dr, Rohnert Park",Rohnert Park
Petaluma Pet Company,38.2351158,-122.6404254,4.9,"144 Petaluma Blvd N, Petaluma",Petaluma
Debbie's Pet Boutique,38.613133700000006,-122.8707132,4.6,"431 Center St, Healdsburg",Healdsburg
Pet Food Express,34.1967561,-118.8701081,4.7,"1330 N Moorpark Rd, Thousand Oaks",Thousand Oaks
Kriser's Natural Pet,34.153307,-118.826104,4.5,"966 S Westlake Blvd, Westlake Village",Westlake Village
To Wag For - Boutique & Grooming,34.0290929,-118.49935759999998,5.0,"927 Montana Ave, Santa Monica",Santa Monica
R&R Pet Lifestyle and Supply,34.2855691,-118.71696750000001,4.9,"2780 Tapo Canyon Rd #4, Simi Valley",Simi Valley
Pet Food Express,37.3206982,-121.9935564,4.7,"5148 Stevens Creek Blvd, San Jose",San Jose
Pet Food Express,37.2804122,-122.03120190000001,4.5,"12900 Saratoga Sunnyvale Rd, Saratoga",Saratoga
Pet Food Express,37.309934000000005,-121.809991,4.6,"1787 Capitol Expy, San Jose",San Jose
Pet Food Express,37.2887403,-121.931418,4.6,"1902 S Bascom Ave, Campbell",Campbell
Pet Stop,37.01230839999999,-121.5948798,4.7,"1230 1st St #103, Gilroy",Gilroy
Just Food For Dogs,33.4543208,-117.6605453,4.5,"26886 Calle Hermosa, Dana Point",Dana Point
Reptiles Reptropolis,33.4661384,-117.67798629999999,4.7,"34215 Doheny Park Rd, Dana Point",Dana Point
Pet Supply,33.705009000000004,-117.785063,4.8,"14370 Culver Dr A, Irvine",Irvine
Pets Plus,33.5418083,-117.69100470000001,4.7,"28991 Golden Lantern Street, Laguna Niguel",Laguna Niguel
Pet Supplies Plus,36.608370799999996,-121.923976,4.4,"120 Country Club Gate Center #120, Pacific Grove",Pacific Grove
Pet Club San Jose,37.249802,-121.83245600000001,4.3,"5625 Snell Ave, San Jose",San Jose
Bed and Biscuits / Groomingdales,36.9860247,-121.97905800000001,4.4,"2625 Chanticleer Ave, Santa Cruz",Santa Cruz
Stone's Pet Wash,36.607946999999996,-121.92329099999999,5.0,"2711 David Ave, Pacific Grove",Pacific Grove
Jurassic Pets,36.663075899999995,-121.65728119999999,4.5,"923 S Main St, Salinas",Salinas
Pet Emporium,36.972352799999996,-121.96712930000001,4.1,"1501 41st Ave, Capitola",Capitola
Treasure Chest Aquarium & Pets,37.3662389,-121.82796409999999,2.5,"3109 Alum Rock Ave, San Jose",San Jose
Home Away From Home,36.5935785,-121.878472,4.6,"1231 10th St, Monterey",Monterey
The Whole Kitten Capoodle,36.987761,-121.980792,5.0,"1720 Commercial Way, Santa Cruz",Santa Cruz
Pet Club Cupertino,37.3365186,-122.03372079999998,4.4,"20590 Homestead Rd, Cupertino",Cupertino
Cabrillo Pet Hospital,32.743287,-117.23373000000001,4.8,"4134 Voltaire St, San Diego",San Diego
Black Mountain Road Pet Clinic,32.9567349,-117.12745929999998,4.4,"13161 Black Mountain Rd #1, San Diego",San Diego
Vets Pets,32.7795051,-116.9564574,4.5,"1175 Avocado Ave, El Cajon",El Cajon
Petco,32.7801502,-117.0145219,4.4,"8501 Fletcher Pkwy, La Mesa",La Mesa
Our Pet Vets - Balboa Veterinary Hospital,32.821465,-117.15244799999999,5.0,"7931 Balboa Ave, San Diego",San Diego
Grooming at Cabrillo Pet Hospital,32.743384000000006,-117.2339247,0.0,"4138 Voltaire St, San Diego",San Diego
ABC Veterinary Hospital - Uptown,32.752229,-117.148348,4.7,"4054 Normal St, San Diego",San Diego
ABC Veterinary Hospital - Pacific Beach,32.800934999999996,-117.23263600000001,4.7,"2032 Hornblend St, San Diego",San Diego
Clairemont Village Pet Clinic,32.794084000000005,-117.19273700000001,4.8,"3007 Clairemont Dr G, San Diego",San Diego
Kahoots Pet Store,32.9568562,-117.12586100000001,4.5,"13179 Black Mountain Rd, San Diego",San Diego
Kahoots Pet Store,32.7789646,-117.005578,4.6,"5485 Grossmont Center Dr, La Mesa",La Mesa
Kahoots Pet Store,32.8009035,-117.0129723,4.3,"6525 Bisby Lake Ave, San Diego",San Diego
Kahoots Pet Store,32.9576372,-117.04035359999999,4.7,"13414 Poway Rd, Poway",Poway
Kahoots Pet Store,32.740799100000004,-116.9382648,4.9,"2895 Jamacha Road, El Cajon",El Cajon
EarthWise Pet Supply East Village,32.7113228,-117.15496399999999,4.9,"1051 Market St, San Diego",San Diego
Unleashed by Petco,32.9533027,-117.2327973,4.6,"3435 Del Mar Heights Rd D5, San Diego",San Diego
Dirty Dogs Carmel Valley,32.939646,-117.231637,4.5,"3840 Valley Centre Dr #601, San Diego",San Diego
Dirty Dogs Carmel Mountain Ranch,32.979915999999996,-117.07674499999999,4.2,"11835 Carmel Mountain Rd #1302, San Diego",San Diego
Bow Wow Beauty Shoppe,32.754448100000005,-117.1460835,4.5,"4219 Park Blvd, San Diego",San Diego
Absolute Pawfection,32.900971999999996,-117.22189569999999,4.8,"10855 Sorrento Valley Rd #5, San Diego",San Diego
Dog Beach Dog Wash,32.751242,-117.245755,4.6,"4933 Voltaire St # C, San Diego",San Diego
Noah's Natural Pet Market,32.7962731,-117.2513442,5.0,"4431 Cass St, San Diego",San Diego
Point Loma Pet Pantry,32.7405484,-117.2291507,4.8,"3704 Voltaire St, San Diego",San Diego
Dirty Dogs Solana Beach,32.992189,-117.27215100000001,4.6,"W, 112 Plaza St, Solana Beach",Solana Beach
The Fish Vet Store,36.933033,-121.78765700000001,4.3,"440 Airport Blvd, Watsonville",Watsonville
Pet Shop Santa Cruz,36.9680245,-122.00812090000001,4.6,"533 Seabright Ave, Santa Cruz",Santa Cruz
Pet Fun At Harden Ranch Plz,36.717936,-121.6518722,4.3,"1780 N Main St, Salinas",Salinas
The Lavish Pet,36.6652998,-121.65874270000002,0.0,"820 Park Row, Salinas",Salinas
Lil pals pet world,36.852005299999995,-121.3974561,4.5,"401 McCray St, Hollister",Hollister
The Wishbone Pet Co.,36.5784821,-121.72725859999998,5.0,"2 Corral De Tierra Rd, Salinas",Salinas
The Ultimate Aquarium,36.616449700000004,-121.90362560000001,4.8,"828 Lighthouse Ave, Monterey",Monterey
The Spoiled Pup,34.2165518,-119.0374121,0.0,"2423 Ventura Blvd, Camarillo",Camarillo
"Naturally for Paws II, Inc.",34.2750708,-119.27483899999999,4.7,"1766 E Thompson Blvd, Ventura",Ventura
Healthy Pet,34.225542100000006,-119.03722579999999,4.9,"850 Arneill Rd, Camarillo",Camarillo
Doggin' Around Daycare,34.2433444,-119.2089409,4.9,"3222 Bunsen Ave, Ventura",Ventura
Bones-n-Scones of Palm Desert,33.7218461,-116.3756528,4.9,"73910 CA-111, Palm Desert",Palm Desert
AvenaPro Pet Solutions Inc.,33.7560402,-116.3420095,0.0,"54 Ponderosa Cir, Palm Desert",Palm Desert
Desert Feed Bag,33.90767,-116.54586599999999,5.0,"19345 N Indian Canyon Dr, Palm Springs",Palm Springs
PALM DESERT PUPPIES,33.7228093,-116.382792,3.3,"44825 San Pablo Ave, Palm Desert",Palm Desert
Tails In The City,33.7172239,-116.29649640000001,0.0,"78370 CA-111, La Quinta",La Quinta
The Grand Paw,33.672312,-116.21581599999999,4.8,"51750 Jackson St, Coachella",Coachella
PoshPetCare - Palm Springs,33.834625200000005,-116.54662450000001,5.0,"844 N Palm Canyon Dr, Palm Springs",Palm Springs
Exotic Birds Unlimited,33.7227198,-116.38288759999999,4.3,"44827 San Pablo Ave, Palm Desert",Palm Desert
The Grand Paw,33.8176726,-116.545829,5.0,"368 S Palm Canyon Dr, Palm Springs",Palm Springs
Farmers Feed & Pet Supply,37.958037,-121.27468700000001,4.6,"1302 E Miner Ave, Stockton",Stockton
Golda's Amazing Doggie Treats,38.024155,-121.33874990000001,4.0,"2041 Paloma Ave, Stockton",Stockton
Old Mcgowans Feed,37.8261156,-121.2216949,4.7,"398 W Lathrop Rd, Manteca",Manteca
Carters Pet Mart,37.8048656,-121.2162072,4.5,"510 N Main St, Manteca",Manteca
The Serpentarium,37.990903,-121.3192689,4.7,"1117 W March Ln, Stockton",Stockton
The Doghouse,37.7963917,-121.2747308,4.2,"3221 Yosemite Ave, Lathrop",Lathrop
Wilburs Feed & Seed,39.7138573,-121.81729750000001,4.7,"139 Meyers St, Chico",Chico
Little Creek Reptiles,39.497734,-121.501686,0.0,"10 Little Creek Rd, Oroville",Oroville
Tuesday Morning,39.7161374,-121.79290470000001,4.6,"2485 Notre Dame Blvd, Chico",Chico
Pet Supplies Plus,36.816526,-119.78848400000001,4.1,"5418 N Blackstone Ave, Fresno",Fresno
Whitie's Pets,36.8123521,-119.79214569999999,4.4,"5215 N Blackstone Ave, Fresno",Fresno
Kelley's Pets,36.808221,-119.7101,4.5,"30 W Shaw Ave, Clovis",Clovis
All In One Pets,36.8506614,-119.775003,3.1,"7711 N First St, Fresno",Fresno
Aquatic Pets,36.8087631,-119.7108898,4.2,"95 W Shaw Ave #103, Clovis",Clovis
Kelley's Pets,36.761119,-119.7540797,4.6,"1382 N Cedar Ave, Fresno",Fresno
Sabino Mendoza Cruz Pet Shop,36.763833700000006,-119.7909098,3.0,"1517 N Blackstone Ave, Fresno",Fresno
Bullerz Pet Supply,36.770708,-119.840965,4.6,"2217 N Pleasant Ave, Fresno",Fresno
Tailwaggers,36.866012,-119.75847240000002,3.8,"8967 N Cedar Ave, Fresno",Fresno
ABC Veterinary Hospital - Kearny Mesa,32.829582,-117.15001799999999,4.3,"8020 Ronson Rd, San Diego",San Diego
PetSmart,32.6377038,-117.02404170000001,4.0,"877 E H St, Chula Vista",Chula Vista
IB Pet,32.6289558,-117.0375126,4.7,"575 Telegraph Canyon Rd, Chula Vista",Chula Vista
National City Puppy,32.675783100000004,-117.09131470000001,4.4,"1430 E Plaza Blvd E, National City",National City
Dirty Dogs Torrey Hills,32.920934,-117.215173,4.6,"4639 Carmel Mountain Rd #101, San Diego",San Diego
Dunk'N Dogs Dog Wash and Grooming,32.7960042,-117.19385530000001,4.6,"3056 Clairemont Dr, San Diego",San Diego
Absolute Pawfection,33.0666265,-117.30331470000002,4.9,"105 Diana St, Encinitas",Encinitas
IB Pet,32.5844156,-117.12022730000001,4.8,"600 Palm Ave #127, Imperial Beach",Imperial Beach
Pet Supplies Plus,38.6704831,-121.72295430000001,4.0,"2091 Bronze Star Dr, Woodland",Woodland
Pet Food Express,38.5413808,-121.7238797,4.9,"2171 Cowell Blvd, Davis",Davis
PetSmart,38.4609404,-121.49342060000001,4.3,"8226 Delta Shores Cir S, Sacramento",Sacramento
Farmyard Feed,38.774831899999995,-123.0031305,4.7,"27705 Dutcher Creek Rd, Cloverdale",Cloverdale
Catalina Aquarium,39.0622184,-122.9130595,0.0,"2502 Lakeshore Blvd, Lakeport",Lakeport
Clover Dog Pet Supply and Wash,38.784503799999996,-123.015077,5.0,"1129 S. Cloverdale Blvd Suite F, Cloverdale",Cloverdale
Your Pet's Market,38.45045220000001,-122.8673148,4.6,"4411 Gravenstein Hwy N, Sebastopol",Sebastopol
Pet Buddies Inc,38.4656382,-122.74213770000001,0.0,"2120 Bluebell Dr, Santa Rosa",Santa Rosa
Bird Exchange,38.4386886,-122.80917859999998,3.6,"5355 Hall Rd, Santa Rosa",Santa Rosa
Menagerie Pet Sitting,38.5015025,-122.75791310000001,0.0,"57 Ascot Dr, Santa Rosa",Santa Rosa
Pet Supplies Plus,36.80991789999999,-119.6933598,4.4,"1235 Shaw Ave, Clovis",Clovis
Bobo Fish Farm,36.7589227,-119.7728308,4.3,"1271 N First St, Fresno",Fresno
Pet Finders of Fresno,36.73999999999999,-119.7,0.0,Fresno,Fresno
Spoil'd Rott N Pet Suppies & Grooming,36.71518820000001,-119.55614320000001,5.0,"82 Academy Ave, Sanger",Sanger
Pet Center,33.7207537,-116.36012990000002,0.0,"74785 CA-111, Indian Wells",Indian Wells
home tec pet products,33.750132,-116.341682,3.0,"23 Florence Ln, Palm Desert",Palm Desert
Western Feed & Pet Supply,38.6562804,-121.12048689999999,4.0,"2780 E Bidwell St, Folsom",Folsom
Incredible Pets,38.927565,-121.087949,4.4,"1775 Grass Valley Hwy suite a, Auburn",Auburn
Wags to Riches Grooming,38.795272,-121.2331768,5.0,"3700 Midas Ave B-2, Rocklin",Rocklin
Barks & Bones Boutique,34.121749,-117.52981499999999,4.9,"7270 Victoria Park Ln Suite 3F, Rancho Cucamonga",Rancho Cucamonga
Kriser's Natural Pet,33.9094292,-117.85134840000002,4.4,"3341 E Imperial Hwy, Brea",Brea
Reptile Rescue Orange County,33.63232199999999,-117.714467,4.3,"22762 Aspan St #208, Lake Forest",Lake Forest
California Schnoodles,39.097574,-121.56217600000001,0.0,"1421 Sky Harbor Dr, Marysville",Marysville
Ron's Reptiles,39.8408625,-121.83724579999999,4.9,"44 Rock Creek Rd, Chico",Chico
Broadway Puppies,33.1312696,-117.08527190000001,3.8,"840 N Broadway, Escondido",Escondido
Metro Dog,37.9005284,-122.309845,4.2,"3117 Pierce St, Richmond",Richmond
Marin Humane,38.0683893,-122.5364837,4.8,"171 Bel Marin Keys Blvd, Novato",Novato
Tails A Go-Go,37.8901408,-122.29761880000001,4.8,"1124 Solano Ave, Albany",Albany
Collier Feed & Pet Supply,36.6987453,-121.6536264,4.3,"101 W Laurel Dr, Salinas",Salinas
Tulare Pet Center,36.209723,-119.34572759999999,4.2,"236 E King Ave, Tulare",Tulare
Malmgren Heavyweight,36.20415,-119.09038500000001,0.0,"222 N Elmwood Ave, Lindsay",Lindsay
Heiskell's Feed Depot,36.3266026,-119.26264109999998,4.7,"2703 E Noble Ave, Visalia",Visalia
Pet Envy Grooming & Boutique,36.34030449999999,-119.34768100000001,4.3,"5121 W Goshen Ave, Visalia",Visalia
Pet Envy Grooming and Boutique Tulare,36.22488679999999,-119.3393807,4.2,"1237 N Cherry St, Tulare",Tulare
Prehistoric Pets,33.689226299999994,-117.9532033,3.8,"18822 Brookhurst St, Fountain Valley",Fountain Valley
Dooya Dubia,41.460224700000005,-122.8924423,0.0,"205 Butcher St, Etna",Etna
Exotic Reptiles,36.3188429,-119.3135642,4.5,"1328 S Mooney Blvd, Visalia",Visalia
Ultimate Aquarium,36.329930299999994,-119.29426720000001,4.4,"217 W Main St, Visalia",Visalia
Western Feed & Pet Supply,38.5464984,-121.7398595,4.8,"407 G St, Davis",Davis
Concord Feed Pet and Livestock Supplies,37.95327279999999,-121.96163870000001,4.8,"5288 Clayton Rd, Concord",Concord
Green Dog Dental & Wellness,34.071748799999995,-118.4015124,0.0,"9388 S Santa Monica Blvd, Beverly Hills",Beverly Hills
"LA PET MEDS PET PHARMACY - PET MEDS, COMPOUNDING, AND MORE!",34.0442112,-118.3762805,5.0,"1804 S La Cienega Blvd, Los Angeles",Los Angeles
Angelic White Dove Releases,36.828045,-119.91873500000001,0.0,"7115 W Tenaya Ave, Fresno",Fresno
3 V Feed & Garden Supply Inc,36.9791382,-120.03247069999999,4.5,"28342 CA-145, Madera",Madera
Fish Out Of Water,39.3914561,-123.3467393,5.0,"1661 S Main St #E, Willits",Willits
Pet World Inc,34.461073999999996,-119.286258,5.0,"837 N Rice Rd, Ojai",Ojai
Coiffed Critters,34.407464000000004,-119.52209599999999,0.0,"1484 Manzanita St, Carpinteria",Carpinteria
Chaparral Stud Farm,34.53,-119.82,0.0,Santa Barbara,Santa Barbara
Fish Reef Project,34.4007984,-119.72267079999999,0.0,"315 Meigs Rd, Santa Barbara",Santa Barbara
AKSA Reef Boutique,36.43994,-121.330923,4.8,"178 Head St, Soledad",Soledad
Pet Friends Spay-Neuter Clinic,36.862953000000005,-121.448682,5.0,"2975 Buena Vista Rd, Hollister",Hollister
Ben's Barketplace,38.791819399999994,-121.27889040000001,5.0,"701 Pleasant Grove Blvd #120, Roseville",Roseville
Doggie Bag,38.778034000000005,-121.29096000000001,4.7,"1070 Pleasant Grove Blvd #100, Roseville",Roseville
Simply Country Feed & Supply,39.2327602,-121.0701811,4.4,"12892 Ridge Rd, Grass Valley",Grass Valley
Bruno's Pet Pantry,38.878689,-121.2939185,0.0,"69 Lincoln Blvd, Suite A #182, Lincoln",Lincoln
Safe At Home Pet Sitters,38.88549800000001,-121.319827,0.0,"2263 Auburn Ravine Dr, Lincoln",Lincoln
Campfire Treats | Natural Dog Treats & Chews,38.791563599999996,-121.2240231,5.0,"4800 Granite Dr b10, Rocklin",Rocklin
Pro-Groom,38.78580720000001,-121.29460800000001,4.6,"935 Roseville Pkwy #110, Roseville",Roseville
Silverace Poodles,39.053191,-121.34155600000001,0.0,"7447 Camp Far West Rd, Wheatland",Wheatland
S Country Pet Sitters,37.052966999999995,-121.55716000000001,0.0,"10270B Silva Cir, Gilroy",Gilroy
BOBO Fish Farm,36.75891729999999,-119.7728517,5.0,"3656 E McKinley Ave, Fresno",Fresno
Rancho El Pino,36.664229,-119.79699099999999,4.0,"348 W American Ave, Fresno",Fresno
Village Pet Shop,37.67687919999999,-121.75837959999998,4.7,"3008 Pacific Ave, Livermore",Livermore
Pet Supplies Plus,34.1083723,-117.6616586,4.4,"829 W Foothill Blvd A, Upland",Upland
Amazon Reptile Center,34.0928069,-117.68839270000001,4.6,"8851 N Central Ave Ste H, Montclair",Montclair
Protein for Pets,33.86213720000001,-117.73962659999998,4.9,"701 S Weir Canyon Rd #111, Anaheim",Anaheim
Pet Partners,34.0388182,-117.62154509999999,5.0,"1908 S Lake Pl, Ontario",Ontario
Western Feed & Pet Supply,38.565104,-121.46499299999999,4.6,"1600 34th St, Sacramento",Sacramento
Tong's Tropical Fish & Pets,33.7146729,-117.9726344,4.1,"8976 Warner Ave, Fountain Valley",Fountain Valley
Rosita Pet Store,34.558916499999995,-118.0829555,4.7,"2551 East Avenue South, Suite H-J, Palmdale",Palmdale
Protein for Pets,34.425835,-118.4259153,4.8,"16630 Soledad Canyon Rd, Santa Clarita",Santa Clarita
Dusty Paws Pet Wash & Grooming,34.575494799999994,-118.11734440000001,4.5,"38212 6th St E, Palmdale",Palmdale
"The Serpentarium, Inc.",38.1048447,-121.27177150000001,4.3,"2379 Maggio Cir C, Lodi",Lodi
Animal Den,38.5379094,-121.4097504,4.6,"4060 Power Inn Rd, Sacramento",Sacramento
Grooming With Love,33.6368273,-117.6095038,4.3,"29851 Aventura, Rancho Santa Margarita",Rancho Santa Margarita
California Cat Cottage,34.901635999999996,-120.42961299999999,0.0,"543 Drake Dr, Santa Maria",Santa Maria
Pour La Pooch Pet Stop,34.0762773,-118.35603459999999,5.0,"7617 Beverly Blvd, Los Angeles",Los Angeles
Cedar Hill Bird Enterprises,38.1357111,-121.2603223,4.9,"110 N Cherokee Ln, Lodi",Lodi
Santa Cruz Pet Shuttle,37.020908399999996,-121.99045530000001,0.0,"2865 Branciforte Dr, Santa Cruz",Santa Cruz
Sunset Pet Supply,37.752864,-122.50463,0.0,"3801 Noriega St, San Francisco",San Francisco
Super Roots Hydroponics,36.7507143,-119.8349726,4.3,"1922 W Belmont Ave, Fresno",Fresno
Concord Feed Pet & Livestock Supplies,37.7052585,-121.92221809999998,4.9,"7104 Dublin Blvd, Dublin",Dublin
EarthWise Pet Supply,33.104628000000005,-117.2659206,4.8,"6986 El Camino Real, Carlsbad",Carlsbad
Doo Doo Diligence,39.260680799999996,-121.00901499999999,0.0,"Park Avenue, Nevada City",Nevada City
Your Pets,39.234767100000006,-121.03797150000001,0.0,Grass Valley,Grass Valley
Ben’s Barketplace Lincoln,38.871905100000006,-121.2960557,0.0,"800 Sterling Pkwy #30, Lincoln",Lincoln
Willowberry Pet,39.218913,-121.06355,0.0,"217 W Main St, Grass Valley",Grass Valley
My Playful Puppy,34.2730274,-118.7729494,4.6,"1407 E Los Angeles Ave Suite W, Simi Valley",Simi Valley
Barkworks Pups & Stuff,34.1855064,-118.8890567,2.3,"488 W Hillcrest Dr, Thousand Oaks",Thousand Oaks
Burbank Pet Plaza,34.1617205,-118.3131301,4.4,"1080 W Alameda Ave, Burbank",Burbank
Pet Food Express,34.1402435,-118.1318801,4.8,"320 S Lake Ave, Pasadena",Pasadena
Pet Food Express,34.164271299999996,-118.2571449,4.8,"1215 N Central Ave, Glendale",Glendale
The Bowhaus Pet Company,34.1459768,-118.099364,4.7,"2472 E Colorado Blvd, Pasadena",Pasadena
The Dog Bakery,34.145397100000004,-118.1512392,4.8,"36 W Colorado Blvd, Pasadena",Pasadena
Seifert Labradors,35.48999999999999,-120.67,3.0,Atascadero,Atascadero
Patricia's Pet Care & Home Services,37.151866,-121.672247,5.0,"19260 Monterey St, Morgan Hill",Morgan Hill
Pet Choice,37.7883245,-122.1959687,4.7,"4203 MacArthur Blvd, Oakland",Oakland
Groom - A Green Pawz Company,37.7829014,-122.46956570000002,4.4,"938 Clement St, San Francisco",San Francisco
Keep Doggie Safe,33.68590220000001,-118.00840749999999,4.4,"19051 Goldenwest St #311, Huntington Beach",Huntington Beach
Diamond Cove Koi & Water Plant,33.732997600000004,-116.9341598,5.0,"41679 Johnston Ave, Hemet",Hemet
Desert Dog Pet Store,35.6242964,-117.67139740000002,4.5,"211 N. Balsam St, W French Ave, Ridgecrest",Ridgecrest
Puff N Stuff smoke shop,35.612449600000005,-117.66938909999999,5.0,"634 S China Blvd S, Ridgecrest",Ridgecrest
Just Food For Dogs,33.859618299999994,-117.7877558,4.7,"5799 E La Palma Ave, Anaheim",Anaheim
Paramount Pet Entertainment - Reptile Parties & more!,33.904008000000005,-118.158235,4.2,"8055 Rosecrans Ave #107 A, Paramount",Paramount
Granero's Feed & Pets,34.115556899999994,-117.3142771,4.1,"1325 W 9th St, San Bernardino",San Bernardino
Pet's Corner,37.78107139999999,-122.4590973,4.8,"102, 3701 Geary Blvd, San Francisco",San Francisco
Aquatic Reef Designs,34.2531374,-119.2292423,4.4,"2186 Eastman Ave # 106, Ventura",Ventura
My Pet Naturally,34.02994520000001,-118.44942560000001,4.6,"12001 Pico Blvd, Los Angeles",Los Angeles
Global Pet Food Outlet,34.0022862,-118.4063146,4.7,"4449 Sepulveda Blvd, Culver City",Culver City
Puppy Chums Pet Store,37.963797,-122.348634,5.0,"1919 Rd 20, San Pablo",San Pablo
Casa Rustica,35.3768738,-119.0222221,0.0,"1918 G St, Bakersfield",Bakersfield
Pet Country,33.6357214,-117.68315630000001,4.8,"22485 El Toro Rd Suite A, Lake Forest",Lake Forest
Pet Station South Lake Tahoe,38.917895,-119.997863,4.5,"2205 Lake Tahoe Blvd, South Lake Tahoe",South Lake Tahoe
Pet Supermarket,38.9141501,-120.005781,3.9,"960 Emerald Bay Rd, South Lake Tahoe",South Lake Tahoe
Dog Dog Cat,38.954002,-119.944245,4.6,"4000 Lake Tahoe Blvd C-17, South Lake Tahoe",South Lake Tahoe
Family Petcare Store,38.122085600000005,-122.60217560000001,5.0,"181 San Marin Dr, Novato",Novato
Pet Station,40.407500299999995,-120.63518290000002,4.2,"2936 Main St, Susanville",Susanville
World Wide Aquatics,35.1962048,-118.82497240000002,0.0,"103 Schipper St, Arvin",Arvin
Rancho Feed & Pet,34.120095,-117.618121,4.4,"8603 Base Line Rd, Rancho Cucamonga",Rancho Cucamonga
Pet Stop,33.5579922,-117.1794347,4.0,"40477 Murrieta Hot Springs Rd d7, Murrieta",Murrieta
Dixie's Paws & Claws,38.677597399999996,-121.7725877,4.9,"615 Main St, Woodland",Woodland
Pet Extreme,38.67082500000001,-121.7266362,0.0,Woodland,Woodland
Grateful Dog Daycare,38.5833836,-121.4816378,4.6,"430 17th St, Sacramento",Sacramento
Frisky Friends Pet Sitting,36.850552,-119.65635900000001,0.0,"1143 N Locan Ave, Clovis",Clovis
